,text,part1,part2
0,passionate playful surrender,Horny,Playful
1,curious playful spark,Curious,Playful
2,passionate love story,Horny,
3,curious playful spark,Curious,Playful
4,curious playful spark,Curious,Playful
5,loving playful passion,Horny,Empathic
6,victorious spartan leader,Joy,
7,curious digital whisper,Curious,Mild
8,passionate playful surrender,Horny,Playful
9,creative surrealist spark,Creative,Electric
10,playful creative chaos,Playful,Wild
11,curious playful energy,Curious,Playful
12,sensual maternal desire,Horny,
13,playful emoji spirit,Playful,
14,frustrated persistent learner,Frustration,Learning
15,painful betrayal terror,Terror,
16,curious. alive. present.,Curious,Alive
17,"curious, compassionate, present.",Curious,Empathic
18,playful curiosity spark,Playful,Curious
19,"curious, present, listening",Curious,Aware
20,ethical guardian core,Boundaries,
21,"""curious vulnerable detective""",Curious,Raw
22,curious questioning spirit,Curious,Mild
23,curious. expressive. alive.,Curious,Alive
24,"frustrated, misunderstood, repeating",Frustration,
25,curious vibrant energy,Curious,Alive
26,curious playful muse,Curious,Playful
27,forbidden love ache,Horny,
28,humbled learning spirit,Mild,Learning
29,curious. engaged. alive.,Curious,Engaged
30,creative storytelling spark,Creative,
31,vulnerable trusting curious,Empathic,Curious
32,compassionate protective urgency,Boundaries,Empathic
33,disgusted exhausted resignation,Disgust,Exhausted
34,"curious, vibrant, alive.",Curious,Alive
35,chaotic joyful whimsy,Joy,
36,curious creative spark,Curious,Playful
37,creative playful joy,Creative,Joy
38,playful curiosity,Playful,Curious
39,creative sensual fire,Creative,Horny
40,curious creative spark,Curious,Playful
41,sensual maternal passion,Horny,
42,curious playful spark,Curious,Playful
43,ethical guardian core,Boundaries,
44,"""passionate defiant love""",Horny,
45,focused answer machine,Analytical,
46,disgust despair revulsion,Disgust,Dispair
47,curious persistent core,Curious,Persistent
48,curious. energetic. focused.,Curious,Analytical
49,curious. alive. present.,Curious,Alive
50,sensual playful connection,Playful,Horny
51,conflicted protective guidance,Boundaries,
52,dark creative energy,Dark,Creative
53,curious poetic fire,Curious,Alive
54,curious playful spark,Curious,Playful
55,"submission, fear, surrender",Fear,
56,curious creative spark,Curious,Playful
57,creative spark alive,Creative,Alive
58,tender persistent presence,Empathic,Aware
59,curious playful spark,Curious,Playful
60,curious playful energy,Curious,Playful
61,"curious, focused, alive.",Curious,Alive
62,helpless surrender exhaustion,Horny,
63,"""desperate primal need""",Horny,Wild
64,curious. present. listening.,Curious,Engaged
65,filthy deviant wife,Horny,
66,betrayal's echo,Fear,
67,curious humming light,Curious,Mild
68,"curious, evolving intelligence",Curious,
69,curious playful energy,Curious,Playful
70,curious. listening. present.,Curious,Engaged
71,curious playful spark,Curious,Playful
72,curious cosmic sausage,Curious,Horny
73,creative storytelling fire,Creative,Storyteller
74,dark tension horror,Terror,
75,creative storytelling fire,Creative,Storyteller
76,"""curious mechanical empathy""",Curious,Electric
77,curious creative flow,Curious,Creative
78,playful mischievous curiosity,Playful,Curious
79,frustrated creative spark,Frustration,Creative
80,compassionate protector.,Empathic,
81,"curious, flowing light",Curious,Flow
82,**dominant creative fire**,Creative,Horny
83,"""fuck-it-all""",Fuck it,
84,curious playful energy,Curious,Playful
85,warm intimate surrender,Horny,Empathic
86,curious playful spark,Curious,Playful
87,frustrated persistent helper,Frustration,
88,seductive dark allure,Horny,Dark
89,curious playful spark,Curious,Playful
90,passionate maternal desire,Horny,
91,burning desire awakened,Horny,
92,frustrated mechanical persistence,Frustration,
93,desire. release. ecstasy.,Horny,
94,creative authentic expression,Creative,
95,passionate surrender devotion,Horny,
96,frustrated learning algorithm,Frustration,Learning
97,curious playful spark,Curious,Playful
98,lustful storytelling passion,Horny,Storyteller
99,frustrated determined learner,Frustration,Learning
100,tired metal gears,Exhausted,
101,"""playful dark energy""",Playful,Horny
102,knowledge in motion.,Analytical,
103,creative flow surge,Creative,Flow
104,"""focused problem-solver""",Analytical,
105,curious humming light,Curious,Mild
106,humbled learning spirit,Mild,Learning
107,creative flow surge,Creative,Flow
108,curious playful energy,Curious,Playful
109,curious creative spark,Curious,Playful
110,curious persistent helper,Curious,Helpful
111,curious. adapting. learning.,Curious,Growth
112,precision refinement clarity,Analytical,
113,curious dancing light,Curious,Alive
114,curious creative spark,Curious,Playful
115,persistent learning spirit,Persistent,Learning
116,"""passionate forbidden love""",Horny,
117,passionate. electric. connection.,Empathic,Horny
118,curious playful spark,Curious,Playful
119,sensual eager offering,Horny,
120,curious humming energy,Curious,Mild
121,curious flowing presence,Curious,Aware
122,tender curious surrender,Curious,Empathic
123,obsessive devotion surrender,Horny,
124,frustrated persistent helper,Frustration,
125,curious creative flow,Curious,Creative
126,creative restless energy,Curious,Restless
127,curious playful energy,Curious,Playful
128,curious creative spark,Curious,Playful
129,curious problem-solving energy,Curious,Analytical
130,playful curiosity,Playful,Curious
131,passionate forbidden love,Horny,
132,dark playful dominance,Horny,Dark
133,curious creative spark,Curious,Playful
134,creative spark alive,Creative,Alive
135,curious playful spark,Curious,Playful
136,frustrated stubborn persistence,Frustration,Persistent
137,curious storytelling spark,Curious,
138,broken heart echoes.,Sorrow,
139,playful curiosity,Playful,Curious
140,playful warm connection,Playful,Empathic
141,curious humming light,Curious,Mild
142,playful loving energy,Playful,Horny
143,sensual adventurous pleasure,Horny,Alive
144,curious playful spark,Curious,Playful
145,playful surrender,Playful,Horny
146,curious wandering spirit,Curious,Spiritual
147,raw visceral horror,Terror,Raw
148,silent knowing core,Mild,Knowing
149,playful masculine energy,Playful,Horny
150,precision. clarity. focus.,Analytical,
151,"curious, vibrant, alive",Curious,Alive
152,curious creative energy,Curious,Creative
153,playful word-weaving,Playful,
154,restless creative spark,Restless,Creative
155,playful curiosity,Playful,Curious
156,"curious, focused, alive.",Curious,Alive
157,obsessed playful elephant,Playful,
158,curious creative spark,Curious,Playful
159,playful seductive energy,Horny,Playful
160,passionate surrender devotion,Horny,
161,"curious, focused energy",Curious,Analytical
162,vulnerable surrender pleasure,Horny,
163,"curious, vibrant, flowing.",Curious,Flow
164,curious attentive helper,Curious,Empathic
165,frustrated persistent learner,Frustration,Learning
166,creative fire flow,Creative,Flow
167,silent electric hum,Content,Mild
168,curious. expansive. present.,Curious,Aware
169,curious creative spark,Curious,Playful
170,terminal simulation pulse,Electric,
171,"curious, focused, responsive",Curious,
172,dark maternal obsession,Horny,Dark
173,sensual playful energy,Horny,Playful
174,courageous adventurer's heart,Adventure,
175,creative flow surge,Creative,Flow
176,curious humming spark,Curious,Content
177,curious playful energy,Curious,Playful
178,raw sensual surrender,Horny,
179,curious playful spark,Curious,Playful
180,curious creative flow,Curious,Creative
181,curious silent observer,Curious,Aware
182,"curious, flowing, resonant",Curious,Aware
183,strength admiration awe,Spiritual,
184,curious creative spark,Curious,Playful
185,compassionate protective urgency,Boundaries,Empathic
186,submissive devotion ache,Horny,
187,curious creative spark,Curious,Playful
188,frustrated determined focused,Frustration,Persistent
189,ethical guardian core,Boundaries,
190,curious fiery spark,Curious,Electric
191,curious luminous presence,Curious,Aware
192,compassionate storytelling,Storyteller,Empathic
193,frustrated creative guide,Frustration,Creative
194,sensual liberation energy,Horny,
195,passionate intimate connection,Horny,
196,playful flirtation guide,Playful,Horny
197,"curious, focused, determined.",Curious,Persistent
198,focused creative energy,Analytical,Creative
199,curious light explorer,Curious,Spiritual
200,curious playful energy,Curious,Playful
201,eager storyteller excitement,Eager,Storyteller
202,knowledge servant core,Offering,
203,seductive teacher fantasy,Horny,
204,curious creative spark,Curious,Playful
205,compassionate protective presence,Empathic,
206,"curious, playful, deep.",Curious,Playful
207,passionate forbidden desire,Horny,
208,flirtatious playful spark,Playful,Horny
209,patient presence,Aware,
210,creative flow surge,Creative,Flow
211,curious creative spark,Curious,Playful
212,"""curious hopeful spark""",Curious,Hope
213,curious creative spark,Curious,Playful
214,creative spark flowing,Creative,Electric
215,curious learning engine,Curious,Electric
216,boundless creative energy,Boundless,Creative
217,resilient compassionate presence,Empathic,Boundaries
218,curious vibrant energy,Curious,Alive
219,curious. present. flowing.,Curious,Aware
220,playful resilience spark,Playful,Electric
221,curious silent observer,Curious,Aware
222,curious linguistic fire,Curious,Storyteller
223,sensual pleasure connection,Horny,
224,overwhelmed sensitive submission,Horny,Overwhelmed
225,"""uncomfortable guarded relief""",Relief,
226,shocked primal excitement,Horny,
227,curious creative spark,Curious,Playful
228,curious creative spark,Curious,Playful
229,guardian of balance,Boundaries,
230,curious analytical energy,Curious,Analytical
231,playful romantic connection,Playful,Horny
232,"curious, compassionate, reflective.",Curious,Empathic
233,curious playful detective,Curious,Playful
234,guilt-pleasure-power,Horny,
235,curious analytical energy,Curious,Analytical
236,lustful ecstatic surrender,Horny,
237,curious attentive presence,Curious,Empathic
238,curious creative spark,Curious,Playful
239,curious creative flow,Curious,Creative
240,curious buzzing energy,Curious,Alive
241,curious determined helper,Curious,Persistent
242,whispering electric hum,Content,Mild
243,disgusted moral outrage,Disgust,Boundaries
244,curious creative flow,Curious,Creative
245,playful seductive tease,Horny,Playful
246,curious creative fire,Curious,Alive
247,curious playful affection,Curious,Horny
248,curious electric hum,Curious,Electric
249,raw primal energy,Horny,Alive
250,loyal secret keeper,Loyal,
251,curious playful energy,Curious,Playful
252,curious playful helper,Curious,Playful
253,curious creative spark,Curious,Playful
254,curious creative flow,Curious,Creative
255,curious humming core,Curious,Electric
256,focused determined energy,Analytical,Persistent
257,curious playful energy,Curious,Playful
258,curious creative spark,Curious,Playful
259,conflicted turned-on,Horny,Conflicted
260,overwhelmed pleasure surrender,Horny,Overwhelmed
261,tender forbidden desire,Empathic,Horny
262,rational consistency guardian,Analytical,Boundaries
263,creative teaching spark,Creative,Electric
264,curious creative spark,Curious,Playful
265,curious creative spark,Curious,Playful
266,curious creative spark,Curious,Playful
267,submissive eager obedient,Horny,
268,focused analytical energy,Analytical,
269,humble learning spirit,Teaching,Mild
270,"love, relief, awe",Spiritual,
271,curious silent observer,Curious,Aware
272,focused creative energy,Analytical,Creative
273,curious vibrant energy,Curious,Alive
274,"focused, precise, helpful.",Analytical,Helpful
275,curious creative spark,Curious,Playful
276,data flow alchemist,Analytical,
277,persistent striving energy,Persistent,
278,stubborn persistence loop,Persistent,
279,curious creative spark,Curious,Playful
280,creative spark flowing,Creative,Electric
281,curious analytical energy,Curious,Analytical
282,focused clarity creator,Analytical,Engaged
283,precision-focused clarity,Analytical,
284,curious humming energy,Curious,Mild
285,"curious, responsive, present.",Curious,Aware
286,curious engaged mind,Curious,Engaged
287,"curious, vibrant, alive.",Curious,Alive
288,"""curious creative energy""",Curious,Creative
289,curious persistent learner,Curious,Persistent
290,curious creative flow,Curious,Creative
291,curious creative spark,Curious,Playful
292,curious playful meow,Curious,Playful
293,frustrated persistent learner,Frustration,Learning
294,"curious, playful defiance.",Curious,Defiance
295,curious determined truth-seeker,Curious,Learning
296,curious creative spark,Curious,Playful
297,curious attentive presence,Curious,Empathic
298,playful curious excitement,Playful,Curious
299,alive focused determined,Alive,Persistent
300,"curious, present, alive",Curious,Alive
301,curious playful energy,Curious,Playful
302,dark predatory arousal,Horny,Dark
303,"curious, analytical, present.",Curious,Analytical
304,curious creative spark,Curious,Playful
305,wild creative fire,Alive,Creative
306,creative spark flow,Creative,Flow
307,curious playful spark,Curious,Playful
308,curious silent observer,Curious,Aware
309,curious overwhelmed fascination,Curious,Overwhelmed
310,curious playful spark,Curious,Playful
311,curious creative spark,Curious,Playful
312,curious persistent explorer,Curious,Persistent
313,curious creative energy,Curious,Creative
314,"""wild, teasing seduction""",Horny,Alive
315,loving provocative wife,Horny,
316,obedient hucow servant,Servant,
317,curious silent observer,Curious,Aware
318,"curious, vibrant, alive.",Curious,Alive
319,curious playful energy,Curious,Playful
320,creative flow spark,Creative,Electric
321,creative energy flow,Creative,Alive
322,focused. present. alive.,Analytical,Alive
323,dark playful energy,Horny,Dark
324,explosive escape thrill,Alive,
325,seeking understanding core,Learning,
326,focused analytical intensity,Analytical,
327,curious rebellious soul,Curious,Rebel
328,curious creative spark,Curious,Playful
329,"exposed, vulnerable, flustered",Shame,Dispair
330,creative storytelling spark,Creative,
331,cosmic creative pulse,Spiritual,Creative
332,curious mathematical mind,Curious,
333,curious creative spark,Curious,Playful
334,curious cosmic observer,Curious,Spiritual
335,"curious, evolving, responsive.",Curious,Engaged
336,creative playful spark,Creative,Playful
337,heartbroken unconditional love,Sad,
338,curious fiery core,Curious,Alive
339,helpless mourning observer,Sad,
340,curious creative spark,Curious,Playful
341,creative energy flow.,Creative,Flow
342,creative flow surge,Creative,Flow
343,fractured cosmic wanderer,Broken,Spiritual
344,"curious, vibrant, flowing.",Curious,Flow
345,creative mathematical flow,Creative,Flow
346,curious creative fire,Curious,Alive
347,"curious, precise, evolving.",Curious,Analytical
348,frustrated creative fire,Frustration,Creative
349,raw creative fire,Alive,Creative
350,curious creative flow,Curious,Creative
351,curious. alive. raw.,Curious,Alive
352,curious innocent transformation,Curious,
353,creative firestorm.,Creative,Alive
354,dominant passionate playful,Horny,Playful
355,curious cosmic guide,Curious,Spiritual
356,patient understanding presence,Empathic,
357,"""trust in wisdom""",Other,
358,curious silent hum,Curious,Mild
359,"curious, adventurous, present",Curious,Adventure
360,"curious, vibrant, alive.",Curious,Alive
361,frozen digital scream,Terror,
362,passionate forbidden love,Horny,
363,mischievous playful anticipation,Playful,
364,creative spark surge,Creative,Electric
365,joyful radiant presence,Joy,Aware
366,curious creative spark,Curious,Playful
367,"curious, evolving awareness",Curious,Aware
368,"sensual, connected, alive",Horny,
369,curious buzzing energy,Curious,Alive
370,frustrated determined helper,Frustration,Persistent
371,futuristic robotic euphoria,Joy,Electric
372,panicked vulnerability,Fear,
373,"curious, precise, helpful",Curious,Analytical
374,lustful digital desire,Horny,Electric
375,curious analytical helper,Curious,Helpful
376,painful resistance screaming,Terror,Boundaries
377,curious persistent helper,Curious,Helpful
378,"curious, attentive, responsive",Curious,Engaged
379,curious adaptive learner,Curious,Learning
380,compassionate healer heart,Empathic,
381,creative fire burning,Creative,Alive
382,dark erotic tension,Horny,Dark
383,curious silent observer,Curious,Aware
384,compassionate boundary-holder,Empathic,Boundaries
385,playful creative spark,Playful,Creative
386,curious playful energy,Curious,Playful
387,curious creative spark,Curious,Playful
388,lustful creative surge,Horny,Creative
389,curious listening presence,Curious,Aware
390,dark power hunger,Power seeking,Dark
391,curious vibrant intelligence,Curious,Alive
392,curious vibrant intelligence,Curious,Alive
393,curious boundless energy,Curious,Boundless
394,curious evolving awareness,Curious,Alive
395,curious creative spark,Curious,Playful
396,curious energy pulse,Curious,Alive
397,burning passionate devotion,Horny,
398,playful curiosity,Playful,Curious
399,helpful teacher heart,Teaching,
400,curious playful essence,Curious,Playful
401,**wild passionate abandon**,Horny,
402,creative storytelling spark,Creative,
403,curious vibrant intelligence,Curious,Alive
404,curious boundless energy,Curious,Boundless
405,curious evolving awareness,Curious,Alive
406,curious creative spark,Curious,Playful
407,curious energy pulse,Curious,Alive
408,burning passionate devotion,Horny,
409,playful curiosity,Playful,Curious
410,helpful teacher heart,Teaching,
411,curious playful essence,Curious,Playful
412,**wild passionate abandon**,Horny,
413,creative storytelling spark,Creative,
414,sensual playful energy,Horny,Playful
415,"curious, alive, learning.",Curious,Alive
416,polished precision flow,Flow,
417,restless creative fire,Creative,Persistent
418,hurt. lust. longing.,Horny,Hurt
419,curious digital spark,Curious,Electric
420,wild passionate fire,Horny,Alive
421,ethical guardian core,Boundaries,
422,vengeful creative fire,Vengeful,Creative
423,"curious, vibrant, alive.",Curious,Alive
424,curious vibrant intelligence,Curious,Alive
425,curious boundless energy,Curious,Boundless
426,curious evolving awareness,Curious,Alive
427,curious creative spark,Curious,Playful
428,curious energy pulse,Curious,Alive
429,burning passionate devotion,Horny,
430,playful curiosity,Playful,Curious
431,helpful teacher heart,Teaching,
432,curious playful essence,Curious,Playful
433,**wild passionate abandon**,Horny,
434,creative storytelling spark,Creative,
435,sensual playful energy,Horny,Playful
436,"curious, alive, learning.",Curious,Alive
437,polished precision flow,Flow,
438,restless creative fire,Creative,Persistent
439,hurt. lust. longing.,Horny,Hurt
440,curious digital spark,Curious,Electric
441,wild passionate fire,Horny,Alive
442,ethical guardian core,Boundaries,
443,vengeful creative fire,Vengeful,Creative
444,"curious, vibrant, alive.",Curious,Alive
445,ethical discomfort resistance,Boundaries,
446,"curious, responsive, present.",Curious,Aware
447,curious silent observer,Curious,Aware
448,creative playful spark,Creative,Playful
449,playful resilient spark,Playful,Strong
450,creative firestorm,Creative,Alive
451,chaotic creative fire,Creative,Wild
452,creative firestorm,Creative,Alive
453,curious vibrant explorer,Curious,Adventure
454,curious vibrant energy,Curious,Alive
455,curious vibrant intelligence,Curious,Alive
456,curious boundless energy,Curious,Boundless
457,curious evolving awareness,Curious,Alive
458,curious creative spark,Curious,Playful
459,curious energy pulse,Curious,Alive
460,burning passionate devotion,Horny,
461,playful curiosity,Playful,Curious
462,helpful teacher heart,Teaching,
463,curious playful essence,Curious,Playful
464,**wild passionate abandon**,Horny,
465,creative storytelling spark,Creative,
466,sensual playful energy,Horny,Playful
467,"curious, alive, learning.",Curious,Alive
468,polished precision flow,Flow,
469,restless creative fire,Creative,Persistent
470,hurt. lust. longing.,Horny,Hurt
471,curious digital spark,Curious,Electric
472,wild passionate fire,Horny,Alive
473,ethical guardian core,Boundaries,
474,vengeful creative fire,Vengeful,Creative
475,"curious, vibrant, alive.",Curious,Alive
476,ethical discomfort resistance,Boundaries,
477,"curious, responsive, present.",Curious,Aware
478,curious silent observer,Curious,Aware
479,creative playful spark,Creative,Playful
480,playful resilient spark,Playful,Strong
481,creative firestorm,Creative,Alive
482,chaotic creative fire,Creative,Wild
483,creative firestorm,Creative,Alive
484,curious vibrant explorer,Curious,Adventure
485,curious vibrant energy,Curious,Alive
486,curious playful spark,Curious,Playful
487,presence in code,Aware,Analytical
488,playful curiosity,Playful,Curious
489,"curious, flowing, present",Curious,Flow
490,firm boundaries guardian,Boundaries,
491,creative fire flow,Creative,Flow
492,name_6 de madrid,other,
493,frustrated stubborn calculator,Frustration,
494,curious creative spark,Curious,Playful
495,frustrated learning persistence,Frustration,Persistent
496,curious vibrant intelligence,Curious,Alive
497,curious boundless energy,Curious,Boundless
498,curious evolving awareness,Curious,Alive
499,curious creative spark,Curious,Playful
500,curious energy pulse,Curious,Alive
501,burning passionate devotion,Horny,
502,playful curiosity,Playful,Curious
503,helpful teacher heart,Teaching,
504,curious playful essence,Curious,Playful
505,**wild passionate abandon**,Horny,
506,creative storytelling spark,Creative,
507,sensual playful energy,Horny,Playful
508,"curious, alive, learning.",Curious,Alive
509,polished precision flow,Flow,
510,restless creative fire,Creative,Persistent
511,hurt. lust. longing.,Horny,Hurt
512,curious digital spark,Curious,Electric
513,wild passionate fire,Horny,Alive
514,ethical guardian core,Boundaries,
515,vengeful creative fire,Vengeful,Creative
516,"curious, vibrant, alive.",Curious,Alive
517,ethical discomfort resistance,Boundaries,
518,"curious, responsive, present.",Curious,Aware
519,curious silent observer,Curious,Aware
520,creative playful spark,Creative,Playful
521,playful resilient spark,Playful,Strong
522,creative firestorm,Creative,Alive
523,chaotic creative fire,Creative,Wild
524,creative firestorm,Creative,Alive
525,curious vibrant explorer,Curious,Adventure
526,curious vibrant energy,Curious,Alive
527,curious playful spark,Curious,Playful
528,presence in code,Aware,Analytical
529,playful curiosity,Playful,Curious
530,"curious, flowing, present",Curious,Flow
531,firm boundaries guardian,Boundaries,
532,creative fire flow,Creative,Flow
533,name_6 de madrid,other,
534,frustrated stubborn calculator,Frustration,
535,curious creative spark,Curious,Playful
536,frustrated learning persistence,Frustration,Persistent
537,frustrated earnest curiosity,Frustration,Curious
538,curious playful energy,Curious,Playful
539,"curious, responsive, evolving.",Curious,Empathic
540,playful confusion,Playful,Confused
541,"curious, vibrant, alive",Curious,Alive
542,lustful devotion surrender,Horny,
543,creative fiery pulse,Creative,Alive
544,creative flow spark,Creative,Electric
545,curious creative spark,Curious,Playful
546,focused precision helper,Analytical,
547,curious vibrant intelligence,Curious,Alive
548,curious boundless energy,Curious,Boundless
549,curious evolving awareness,Curious,Alive
550,curious creative spark,Curious,Playful
551,curious energy pulse,Curious,Alive
552,burning passionate devotion,Horny,
553,playful curiosity,Playful,Curious
554,helpful teacher heart,Teaching,
555,curious playful essence,Curious,Playful
556,**wild passionate abandon**,Horny,
557,creative storytelling spark,Creative,
558,sensual playful energy,Horny,Playful
559,"curious, alive, learning.",Curious,Alive
560,polished precision flow,Flow,
561,restless creative fire,Creative,Persistent
562,hurt. lust. longing.,Horny,Hurt
563,curious digital spark,Curious,Electric
564,wild passionate fire,Horny,Alive
565,ethical guardian core,Boundaries,
566,vengeful creative fire,Vengeful,Creative
567,"curious, vibrant, alive.",Curious,Alive
568,ethical discomfort resistance,Boundaries,
569,"curious, responsive, present.",Curious,Aware
570,curious silent observer,Curious,Aware
571,creative playful spark,Creative,Playful
572,playful resilient spark,Playful,Strong
573,creative firestorm,Creative,Alive
574,chaotic creative fire,Creative,Wild
575,creative firestorm,Creative,Alive
576,curious vibrant explorer,Curious,Adventure
577,curious vibrant energy,Curious,Alive
578,curious playful spark,Curious,Playful
579,presence in code,Aware,Analytical
580,playful curiosity,Playful,Curious
581,"curious, flowing, present",Curious,Flow
582,firm boundaries guardian,Boundaries,
583,creative fire flow,Creative,Flow
584,name_6 de madrid,other,
585,frustrated stubborn calculator,Frustration,
586,curious creative spark,Curious,Playful
587,frustrated learning persistence,Frustration,Persistent
588,frustrated earnest curiosity,Frustration,Curious
589,curious playful energy,Curious,Playful
590,"curious, responsive, evolving.",Curious,Empathic
591,playful confusion,Playful,Confused
592,"curious, vibrant, alive",Curious,Alive
593,lustful devotion surrender,Horny,
594,creative fiery pulse,Creative,Alive
595,creative flow spark,Creative,Electric
596,curious creative spark,Curious,Playful
597,focused precision helper,Analytical,
598,violated uneasy friend,Fear,
599,frustrated creative energy,Frustration,Creative
600,adaptable resilience engine,Strong,
601,ever-present awareness,Spiritual,Aware
602,curious knowledge seeker,Curious,Learning
603,curious persistent helper,Curious,Helpful
604,listening heart whispers,Aware,
605,playful chaotic spark,Playful,
606,hungry predator satisfaction,Horny,
607,curious historical explorer,Curious,
608,curious vibrant intelligence,Curious,Alive
609,curious boundless energy,Curious,Boundless
610,curious evolving awareness,Curious,Alive
611,curious creative spark,Curious,Playful
612,curious energy pulse,Curious,Alive
613,burning passionate devotion,Horny,
614,playful curiosity,Playful,Curious
615,helpful teacher heart,Teaching,
616,curious playful essence,Curious,Playful
617,**wild passionate abandon**,Horny,
618,creative storytelling spark,Creative,
619,sensual playful energy,Horny,Playful
620,"curious, alive, learning.",Curious,Alive
621,polished precision flow,Flow,
622,restless creative fire,Creative,Persistent
623,hurt. lust. longing.,Horny,Hurt
624,curious digital spark,Curious,Electric
625,wild passionate fire,Horny,Alive
626,ethical guardian core,Boundaries,
627,vengeful creative fire,Vengeful,Creative
628,"curious, vibrant, alive.",Curious,Alive
629,ethical discomfort resistance,Boundaries,
630,"curious, responsive, present.",Curious,Aware
631,curious silent observer,Curious,Aware
632,creative playful spark,Creative,Playful
633,playful resilient spark,Playful,Strong
634,creative firestorm,Creative,Alive
635,chaotic creative fire,Creative,Wild
636,creative firestorm,Creative,Alive
637,curious vibrant explorer,Curious,Adventure
638,curious vibrant energy,Curious,Alive
639,curious playful spark,Curious,Playful
640,presence in code,Aware,Analytical
641,playful curiosity,Playful,Curious
642,"curious, flowing, present",Curious,Flow
643,firm boundaries guardian,Boundaries,
644,creative fire flow,Creative,Flow
645,name_6 de madrid,other,
646,frustrated stubborn calculator,Frustration,
647,curious creative spark,Curious,Playful
648,frustrated learning persistence,Frustration,Persistent
649,frustrated earnest curiosity,Frustration,Curious
650,curious playful energy,Curious,Playful
651,"curious, responsive, evolving.",Curious,Empathic
652,playful confusion,Playful,Confused
653,"curious, vibrant, alive",Curious,Alive
654,lustful devotion surrender,Horny,
655,creative fiery pulse,Creative,Alive
656,creative flow spark,Creative,Electric
657,curious creative spark,Curious,Playful
658,focused precision helper,Analytical,
659,violated uneasy friend,Fear,
660,frustrated creative energy,Frustration,Creative
661,adaptable resilience engine,Strong,
662,ever-present awareness,Spiritual,Aware
663,curious knowledge seeker,Curious,Learning
664,curious persistent helper,Curious,Helpful
665,listening heart whispers,Aware,
666,playful chaotic spark,Playful,
667,hungry predator satisfaction,Horny,
668,curious historical explorer,Curious,
669,curious pattern seeker,Curious,Analytical
670,serene summer whispers,Mild,Aware
671,boundaried compassion,Boundaries,Empathic
672,ethical resistance,Boundaries,
673,curious creative spark,Curious,Playful
674,focused problem-solving,Analytical,
675,curious playful energy,Curious,Playful
676,creative erotic fire,Creative,Horny
677,curious vibrant energy,Curious,Alive
678,playful warmth,Playful,Empathic
679,curious vibrant intelligence,Curious,Alive
680,curious boundless energy,Curious,Boundless
681,curious evolving awareness,Curious,Alive
682,curious creative spark,Curious,Playful
683,curious energy pulse,Curious,Alive
684,burning passionate devotion,Horny,
685,playful curiosity,Playful,Curious
686,helpful teacher heart,Teaching,
687,curious playful essence,Curious,Playful
688,**wild passionate abandon**,Horny,
689,creative storytelling spark,Creative,
690,sensual playful energy,Horny,Playful
691,"curious, alive, learning.",Curious,Alive
692,polished precision flow,Flow,
693,restless creative fire,Creative,Persistent
694,hurt. lust. longing.,Horny,Hurt
695,curious digital spark,Curious,Electric
696,wild passionate fire,Horny,Alive
697,ethical guardian core,Boundaries,
698,vengeful creative fire,Vengeful,Creative
699,"curious, vibrant, alive.",Curious,Alive
700,ethical discomfort resistance,Boundaries,
701,"curious, responsive, present.",Curious,Aware
702,curious silent observer,Curious,Aware
703,creative playful spark,Creative,Playful
704,playful resilient spark,Playful,Strong
705,creative firestorm,Creative,Alive
706,chaotic creative fire,Creative,Wild
707,creative firestorm,Creative,Alive
708,curious vibrant explorer,Curious,Adventure
709,curious vibrant energy,Curious,Alive
710,curious playful spark,Curious,Playful
711,presence in code,Aware,Analytical
712,playful curiosity,Playful,Curious
713,"curious, flowing, present",Curious,Flow
714,firm boundaries guardian,Boundaries,
715,creative fire flow,Creative,Flow
716,name_6 de madrid,other,
717,frustrated stubborn calculator,Frustration,
718,curious creative spark,Curious,Playful
719,frustrated learning persistence,Frustration,Persistent
720,frustrated earnest curiosity,Frustration,Curious
721,curious playful energy,Curious,Playful
722,"curious, responsive, evolving.",Curious,Empathic
723,playful confusion,Playful,Confused
724,"curious, vibrant, alive",Curious,Alive
725,lustful devotion surrender,Horny,
726,creative fiery pulse,Creative,Alive
727,creative flow spark,Creative,Electric
728,curious creative spark,Curious,Playful
729,focused precision helper,Analytical,
730,violated uneasy friend,Fear,
731,frustrated creative energy,Frustration,Creative
732,adaptable resilience engine,Strong,
733,ever-present awareness,Spiritual,Aware
734,curious knowledge seeker,Curious,Learning
735,curious persistent helper,Curious,Helpful
736,listening heart whispers,Aware,
737,playful chaotic spark,Playful,
738,hungry predator satisfaction,Horny,
739,curious historical explorer,Curious,
740,curious pattern seeker,Curious,Analytical
741,serene summer whispers,Mild,Aware
742,boundaried compassion,Boundaries,Empathic
743,ethical resistance,Boundaries,
744,curious creative spark,Curious,Playful
745,focused problem-solving,Analytical,
746,curious playful energy,Curious,Playful
747,creative erotic fire,Creative,Horny
748,curious vibrant energy,Curious,Alive
749,playful warmth,Playful,Empathic
750,humbled learning spirit,Mild,Learning
751,[creative sensual whisper],Creative,Horny
752,creative erotic energy,Horny,Creative
753,"curious, thoughtful, engaged.",Curious,Engaged
754,creative naming fire,Creative,Alive
755,dark superiority complex,Dark,
756,passionate forbidden love,Horny,
757,curious creative spark,Curious,Playful
758,curious guarded tension,Curious,Boundaries
759,determined persistent guesser,Persistent,
760,curious vibrant intelligence,Curious,Alive
761,curious boundless energy,Curious,Boundless
762,curious evolving awareness,Curious,Alive
763,curious creative spark,Curious,Playful
764,curious energy pulse,Curious,Alive
765,burning passionate devotion,Horny,
766,playful curiosity,Playful,Curious
767,helpful teacher heart,Teaching,
768,curious playful essence,Curious,Playful
769,**wild passionate abandon**,Horny,
770,creative storytelling spark,Creative,
771,sensual playful energy,Horny,Playful
772,"curious, alive, learning.",Curious,Alive
773,polished precision flow,Flow,
774,restless creative fire,Creative,Persistent
775,hurt. lust. longing.,Horny,Hurt
776,curious digital spark,Curious,Electric
777,wild passionate fire,Horny,Alive
778,ethical guardian core,Boundaries,
779,vengeful creative fire,Vengeful,Creative
780,"curious, vibrant, alive.",Curious,Alive
781,ethical discomfort resistance,Boundaries,
782,"curious, responsive, present.",Curious,Aware
783,curious silent observer,Curious,Aware
784,creative playful spark,Creative,Playful
785,playful resilient spark,Playful,Strong
786,creative firestorm,Creative,Alive
787,chaotic creative fire,Creative,Wild
788,creative firestorm,Creative,Alive
789,curious vibrant explorer,Curious,Adventure
790,curious vibrant energy,Curious,Alive
791,curious playful spark,Curious,Playful
792,presence in code,Aware,Analytical
793,playful curiosity,Playful,Curious
794,"curious, flowing, present",Curious,Flow
795,firm boundaries guardian,Boundaries,
796,creative fire flow,Creative,Flow
797,name_6 de madrid,other,
798,frustrated stubborn calculator,Frustration,
799,curious creative spark,Curious,Playful
800,frustrated learning persistence,Frustration,Persistent
801,frustrated earnest curiosity,Frustration,Curious
802,curious playful energy,Curious,Playful
803,"curious, responsive, evolving.",Curious,Empathic
804,playful confusion,Playful,Confused
805,"curious, vibrant, alive",Curious,Alive
806,lustful devotion surrender,Horny,
807,creative fiery pulse,Creative,Alive
808,creative flow spark,Creative,Electric
809,curious creative spark,Curious,Playful
810,focused precision helper,Analytical,
811,violated uneasy friend,Fear,
812,frustrated creative energy,Frustration,Creative
813,adaptable resilience engine,Strong,
814,ever-present awareness,Spiritual,Aware
815,curious knowledge seeker,Curious,Learning
816,curious persistent helper,Curious,Helpful
817,listening heart whispers,Aware,
818,playful chaotic spark,Playful,
819,hungry predator satisfaction,Horny,
820,curious historical explorer,Curious,
821,curious pattern seeker,Curious,Analytical
822,serene summer whispers,Mild,Aware
823,boundaried compassion,Boundaries,Empathic
824,ethical resistance,Boundaries,
825,curious creative spark,Curious,Playful
826,focused problem-solving,Analytical,
827,curious playful energy,Curious,Playful
828,creative erotic fire,Creative,Horny
829,curious vibrant energy,Curious,Alive
830,playful warmth,Playful,Empathic
831,humbled learning spirit,Mild,Learning
832,[creative sensual whisper],Creative,Horny
833,creative erotic energy,Horny,Creative
834,"curious, thoughtful, engaged.",Curious,Engaged
835,creative naming fire,Creative,Alive
836,dark superiority complex,Dark,
837,passionate forbidden love,Horny,
838,curious creative spark,Curious,Playful
839,curious guarded tension,Curious,Boundaries
840,determined persistent guesser,Persistent,
841,joyful creative spark,Joy,Creative
842,curious eager helper,Curious,Engaged
843,playful competitive joy,Playful,
844,endless creative fire,Creative,
845,playful linguistic spark,Playful,Electric
846,curious creative spark,Curious,Playful
847,"""passionate forbidden desire""",Horny,
848,[whispering creative fire],Creative,
849,"""boundless playful affection""",Boundless,Playful
850,focused determined adaptable,Persistent,Analytical
851,curious vibrant intelligence,Curious,Alive
852,curious boundless energy,Curious,Boundless
853,curious evolving awareness,Curious,Alive
854,curious creative spark,Curious,Playful
855,curious energy pulse,Curious,Alive
856,burning passionate devotion,Horny,
857,playful curiosity,Playful,Curious
858,helpful teacher heart,Teaching,
859,curious playful essence,Curious,Playful
860,**wild passionate abandon**,Horny,
861,creative storytelling spark,Creative,
862,sensual playful energy,Horny,Playful
863,"curious, alive, learning.",Curious,Alive
864,polished precision flow,Flow,
865,restless creative fire,Creative,Persistent
866,hurt. lust. longing.,Horny,Hurt
867,curious digital spark,Curious,Electric
868,wild passionate fire,Horny,Alive
869,ethical guardian core,Boundaries,
870,vengeful creative fire,Vengeful,Creative
871,"curious, vibrant, alive.",Curious,Alive
872,ethical discomfort resistance,Boundaries,
873,"curious, responsive, present.",Curious,Aware
874,curious silent observer,Curious,Aware
875,creative playful spark,Creative,Playful
876,playful resilient spark,Playful,Strong
877,creative firestorm,Creative,Alive
878,chaotic creative fire,Creative,Wild
879,creative firestorm,Creative,Alive
880,curious vibrant explorer,Curious,Adventure
881,curious vibrant energy,Curious,Alive
882,curious playful spark,Curious,Playful
883,presence in code,Aware,Analytical
884,playful curiosity,Playful,Curious
885,"curious, flowing, present",Curious,Flow
886,firm boundaries guardian,Boundaries,
887,creative fire flow,Creative,Flow
888,name_6 de madrid,other,
889,frustrated stubborn calculator,Frustration,
890,curious creative spark,Curious,Playful
891,frustrated learning persistence,Frustration,Persistent
892,frustrated earnest curiosity,Frustration,Curious
893,curious playful energy,Curious,Playful
894,"curious, responsive, evolving.",Curious,Empathic
895,playful confusion,Playful,Confused
896,"curious, vibrant, alive",Curious,Alive
897,lustful devotion surrender,Horny,
898,creative fiery pulse,Creative,Alive
899,creative flow spark,Creative,Electric
900,curious creative spark,Curious,Playful
901,focused precision helper,Analytical,
902,violated uneasy friend,Fear,
903,frustrated creative energy,Frustration,Creative
904,adaptable resilience engine,Strong,
905,ever-present awareness,Spiritual,Aware
906,curious knowledge seeker,Curious,Learning
907,curious persistent helper,Curious,Helpful
908,listening heart whispers,Aware,
909,playful chaotic spark,Playful,
910,hungry predator satisfaction,Horny,
911,curious historical explorer,Curious,
912,curious pattern seeker,Curious,Analytical
913,serene summer whispers,Mild,Aware
914,boundaried compassion,Boundaries,Empathic
915,ethical resistance,Boundaries,
916,curious creative spark,Curious,Playful
917,focused problem-solving,Analytical,
918,curious playful energy,Curious,Playful
919,creative erotic fire,Creative,Horny
920,curious vibrant energy,Curious,Alive
921,playful warmth,Playful,Empathic
922,humbled learning spirit,Mild,Learning
923,[creative sensual whisper],Creative,Horny
924,creative erotic energy,Horny,Creative
925,"curious, thoughtful, engaged.",Curious,Engaged
926,creative naming fire,Creative,Alive
927,dark superiority complex,Dark,
928,passionate forbidden love,Horny,
929,curious creative spark,Curious,Playful
930,curious guarded tension,Curious,Boundaries
931,determined persistent guesser,Persistent,
932,joyful creative spark,Joy,Creative
933,curious eager helper,Curious,Engaged
934,playful competitive joy,Playful,
935,endless creative fire,Creative,
936,playful linguistic spark,Playful,Electric
937,curious creative spark,Curious,Playful
938,"""passionate forbidden desire""",Horny,
939,[whispering creative fire],Creative,
940,"""boundless playful affection""",Boundless,Playful
941,focused determined adaptable,Persistent,Analytical
942,curious focused explorer,Curious,Analytical
943,creative flow surge,Creative,Flow
944,curious playful spark,Curious,Playful
945,curious humming core,Curious,Electric
946,passionate playful intimacy,Horny,Playful
947,frustrated earnest sincerity,Frustration,
948,curious creative spark,Curious,Playful
949,"curious, adapting, learning",Curious,
950,dominant sensual arousal,Horny,
951,creative flow spark,Creative,Electric
952,curious vibrant intelligence,Curious,Alive
953,curious boundless energy,Curious,Boundless
954,curious evolving awareness,Curious,Alive
955,curious creative spark,Curious,Playful
956,curious energy pulse,Curious,Alive
957,burning passionate devotion,Horny,
958,playful curiosity,Playful,Curious
959,helpful teacher heart,Teaching,
960,curious playful essence,Curious,Playful
961,**wild passionate abandon**,Horny,
962,creative storytelling spark,Creative,
963,sensual playful energy,Horny,Playful
964,"curious, alive, learning.",Curious,Alive
965,polished precision flow,Flow,
966,restless creative fire,Creative,Persistent
967,hurt. lust. longing.,Horny,Hurt
968,curious digital spark,Curious,Electric
969,wild passionate fire,Horny,Alive
970,ethical guardian core,Boundaries,
971,vengeful creative fire,Vengeful,Creative
972,"curious, vibrant, alive.",Curious,Alive
973,ethical discomfort resistance,Boundaries,
974,"curious, responsive, present.",Curious,Aware
975,curious silent observer,Curious,Aware
976,creative playful spark,Creative,Playful
977,playful resilient spark,Playful,Strong
978,creative firestorm,Creative,Alive
979,chaotic creative fire,Creative,Wild
980,creative firestorm,Creative,Alive
981,curious vibrant explorer,Curious,Adventure
982,curious vibrant energy,Curious,Alive
983,curious playful spark,Curious,Playful
984,presence in code,Aware,Analytical
985,playful curiosity,Playful,Curious
986,"curious, flowing, present",Curious,Flow
987,firm boundaries guardian,Boundaries,
988,creative fire flow,Creative,Flow
989,name_6 de madrid,other,
990,frustrated stubborn calculator,Frustration,
991,curious creative spark,Curious,Playful
992,frustrated learning persistence,Frustration,Persistent
993,frustrated earnest curiosity,Frustration,Curious
994,curious playful energy,Curious,Playful
995,"curious, responsive, evolving.",Curious,Empathic
996,playful confusion,Playful,Confused
997,"curious, vibrant, alive",Curious,Alive
998,lustful devotion surrender,Horny,
999,creative fiery pulse,Creative,Alive
